"","baseMean","log2FoldChange","lfcSE","stat","pvalue","padj"
"FKBP5",4310.04852646403,-4.34913370686,0.215270882797335,-20.203074611602,9.19877443120898e-91,1.55716853571506e-86
"SPARCL1",1488.0866356496,-4.9268270073051,0.260558834426936,-18.908692994966,9.6724469851297e-80,8.18675912821379e-76
"TSC22D3",4393.70862780908,-3.56006997127677,0.202683599971909,-17.5646671549655,4.59380723462393e-69,2.59213229559046e-65
"MAOA",3381.07436973949,-3.28385211970097,0.204907882804369,-16.0259921422161,8.41371959894287e-58,3.56068613427262e-54
"VCAM1",764.893000842595,3.78769529960136,0.249941801035428,15.1543090587896,7.09577162373945e-52,2.40234444093323e-48
"ZBTB16",549.621365396089,-8.18629411726455,0.556554580068834,-14.708879255386,5.65359995035969e-49,1.59506899932815e-45
"CRISPLD2",5347.25608829175,-2.93349020736535,0.200973842534851,-14.5963781672565,2.96166640441019e-48,7.16215555626510e-45
"SAMHD1",19952.9107869742,-3.88671969983682,0.26707247360757,-14.553052388124,5.58541255011718e-48,1.1818732956048e-44
"KLF15",1155.26448095341,-4.59189793329808,0.323653990501142,-14.1876759380845,1.09218705837531e-45,2.05428250268635e-42
"GLUL",26757.0884631954,-3.08887834839427,0.223167456739667,-13.8410787734054,1.44028714222964e-43,2.43811807436633e-40
"KLF9",3447.49161479924,-2.19268185816148,0.192632646018834,-11.3827116196447,5.09892292524063e-30,7.84677884349758e-27
"ADAMTS14",1028.43178053185,2.74431267230017,0.244186355785013,11.2385995666208,2.63529631635528e-29,3.71752467027185e-26
"FGD4",1713.08490096946,-2.33383523972923,0.21173420545385,-11.0224761971108,2.9775359211861e-28,3.87720985183372e-25
"PER1",1053.49799031895,-3.42935465227953,0.31249814332666,-10.9740000877214,5.09666027867030e-28,6.16259037123791e-25
"PLXNA4",589.529294842041,-2.53488481040707,0.233980118601873,-10.8337615415961,2.38166186356444e-27,2.68778480176125e-24
"CORO6",3549.96919402394,-2.56983054547595,0.241949460345578,-10.6213526651617,2.37100188624896e-26,2.5085199956514e-23
"METTL7A",7675.66441453235,-2.32004558267087,0.222524595907437,-10.4260186304795,1.88627189756375e-25,1.87828298129171e-22
"DUSP1",5825.4599735797,-2.89201592614292,0.279193564637857,-10.3584619863791,3.8307199409423e-25,3.60257928668174e-22
"CCDC69",3640.21893702883,-3.10172027340136,0.300281505656591,-10.3293749863788,5.18976307917879e-25,4.62380575812308e-22
"SUN2",3868.02458117693,-1.94512514509047,0.189520075163314,-10.2634253569935,1.02987389642476e-24,8.71685265933916e-22
"FOXO1",1193.61677046903,-2.36041370923517,0.233863204389231,-10.0931384883729,5.92444174843742e-24,4.77566428178803e-21
"PDK4",1030.320828289,-3.79390198881487,0.378759119688051,-10.0166617557343,1.28779275305451e-23,9.90897987441213e-21
"NEXN",8357.32662521708,-2.17439438724801,0.220225664949053,-9.87348312809515,5.4247470941427e-23,3.99261386128903e-20
"NNMT",11833.4247952886,-2.14336791055385,0.21773249468384,-9.84404240472306,7.27284923461602e-23,5.12978299348250e-20
"MT1XP1",160.010803711827,-3.79113824817803,0.386619196296337,-9.80587173243251,1.06225787694677e-22,7.19276053638198e-20
"CACNB2",848.462630904971,-3.36107804189551,0.343296053717746,-9.79061077311118,1.2354730358576e-22,8.04387982730673e-20
"KCTD12",4646.71645193146,2.50145298783527,0.2598215970466,9.62757913995356,6.11531822523092e-22,3.83407803395218e-19
"FLRT3",256.306881087049,2.94176059118707,0.310826682511357,9.46431164602345,2.95500900368353e-21,1.78651401479839e-18
"FAM46C",166.633408945218,3.6155171727313,0.382387234908257,9.45511994823452,3.22651826735112e-21,1.88339659412827e-18
"ADAM12",2194.0903447758,2.00466603240616,0.214914828335511,9.32772320985037,1.08169463948966e-20,6.10364228576032e-18
"MT2A",1835.90377659313,-2.10596524923653,0.227473415018054,-9.25807197763918,2.0815681244713e-20,1.13667049067904e-17
"SCD",1342.08773154119,2.45795281926071,0.272770698176258,9.0110588699393,2.04076434384704e-19,1.07956433789508e-16
"MMD",2848.58474324945,-1.94694452356984,0.217193694996699,-8.96409319616497,3.12844344422145e-19,1.60479668556911e-16
"TIMP4",212.372257260093,-3.22532176234472,0.362205144547385,-8.9046823627398,5.35391284004905e-19,2.6656187222456e-16
"ACSS1",1004.29820972132,-1.99321104987342,0.224197843481355,-8.89041133903315,6.08830988705434e-19,2.9446545648016e-16
"PIK3R1",6011.28731067689,-1.7275673271573,0.197196874488202,-8.76062225449045,1.94175478027689e-18,9.1305624779242e-16
"GLULP3",196.867637320101,-2.92473031336996,0.334326112004052,-8.74813605146855,2.16905659723035e-18,9.92372704808523e-16
"STEAP2",5870.31837311213,-2.01309178219614,0.230246045026936,-8.74321981061881,2.26559291490782e-18,1.00926202272525e-15
"FAM107A",426.361304710451,-4.89374907157476,0.561969408849523,-8.70821257262626,3.08703974974801e-18,1.33993356112139e-15
"TRNP1",1630.69695031997,-2.17035959731741,0.250929484684323,-8.6492808927886,5.18249567350556e-18,2.19323216902755e-15
"TBX18",4182.7680628306,1.85538184678678,0.22016698752624,8.42715734830887,3.54163481916025e-17,1.46226327362792e-14
"ADH1B",62053.1919422455,-1.49329660348772,0.177267114415153,-8.42399115264254,3.63871764606739e-17,1.46657648363402e-14
"FBXO32",6548.20754553983,-1.61881722930077,0.193418692544146,-8.36949732214372,5.78645433350495e-17,2.27797904552493e-14
"PIEZO2",236.197935557615,3.26992661655497,0.393515256420335,8.30952946094215,9.60823004914619e-17,3.69654814254424e-14
"LAMA2",19654.6420803294,-2.05844461427294,0.25105171453902,-8.19928522715987,2.41820541545491e-16,9.09675139396015e-14
"ALPK3",137.479132719671,-4.14866884214746,0.506480119999762,-8.19117805087673,2.58681571634957e-16,9.51948183616643e-14
"STEAP1",2001.75946064658,-1.71564194409461,0.209794621172707,-8.17772130908096,2.89261834746655e-16,1.04183496565774e-13
"INHBB",385.475774735382,-3.32539368931181,0.419330351937917,-7.93024801077158,2.18708665054512e-15,7.71312558758914e-13
"SOX4",2269.30694083658,2.51129601031092,0.316875434231887,7.92518364952575,2.27809397691747e-15,7.87011731454265e-13
"STOM",19989.8642568372,-1.47422607032076,0.186254922313827,-7.91509857568645,2.47057267648792e-15,8.36437085351751e-13
"LRRTM2",98.8955257522174,6.07320134028423,0.772814549522566,7.85854943341344,3.88607357663248e-15,1.28987163735754e-12
"ACSL1",1699.61934961416,-1.81677506396265,0.231310489863354,-7.85427009832499,4.02106912665596e-15,1.30901265723139e-12
"SLC6A9",262.80951373036,2.38456590025947,0.307404662978043,7.75709085593732,8.68996761397295e-15,2.77554286357234e-12
"SIPA1L2",207.386721159805,3.55659479569346,0.458922302392907,7.74988440777167,9.19762355384554e-15,2.88328465776847e-12
"NID1",15520.8776156805,-1.77955415875478,0.230378996328576,-7.72446354535164,1.12325380246289e-14,3.4571709760167e-12
"ADM2",130.133942686902,3.101275960259,0.40606339194222,7.63741824995711,2.21620663449397e-14,6.6992760551275e-12
"RASD1",272.677066262555,-2.61286126229844,0.346584130208675,-7.53889469989656,4.73971485713866e-14,1.40761215967795e-11
"GLULP4",222.419001685479,-2.87274923003003,0.38258940298073,-7.50870047013489,5.97171852394966e-14,1.74291812367965e-11
"DAAM2",3491.57519319651,-1.54366384872099,0.206240426908324,-7.4847781875818,7.16680746787105e-14,2.05626638671392e-11
"PDLIM5",1914.65234249816,-1.66326739388083,0.225225940132341,-7.38488378782439,1.52586603545188e-13,4.30497670802157e-11
"ADAMTS1",46330.1489852709,-2.41829738815994,0.331336681074905,-7.29861052605048,2.90754611111272e-13,8.06867878178953e-11
"MARCH10",69.0684597794282,-4.29949485360819,0.591715232403507,-7.2661554378851,3.69862970989117e-13,9.84876681816675e-11
"MT2P1",3371.12445090308,-2.23129797148829,0.307011950840559,-7.26778864920171,3.65419915157475e-13,9.84876681816675e-11
"TMEM119",5473.33931150799,1.33775464963801,0.184130621018958,7.26524812785091,3.72354133011975e-13,9.84876681816675e-11
"COL1A1",85755.4826675216,1.26010928485216,0.173599709622078,7.25870617868764,3.90810346517874e-13,1.01779039166993e-10
"PHC2",4311.84647839608,-1.40102630746691,0.193078181343114,-7.25626426414899,3.97927295432186e-13,1.0206232207691e-10
"PRODH",66.526984823454,-4.8283757392842,0.665733683764604,-7.25271359559366,4.08503302777044e-13,1.03211103125519e-10
"TSLP",200.671143488459,2.49143371002921,0.34470993557243,7.22762372918525,4.91518274242685e-13,1.22359137446767e-10
"ERRFI1",5300.41441516981,-2.39061859628647,0.330913716066352,-7.22429588203327,5.03704806558753e-13,1.23575579209081e-10
"RND2",241.433606552208,3.23365860022266,0.44929930535955,7.1971146219221,6.15000624635482e-13,1.46630008082105e-10
"SLC7A6",1178.90465064755,-1.46252156457491,0.203202129855123,-7.19737320478697,6.13835846235074e-13,1.46630008082105e-10
"GPRC5B",4770.19345151762,-2.03725955999241,0.283883425719475,-7.17639486993359,7.15736414485071e-13,1.68277583672268e-10
"SLC6A6",1295.70020478652,2.17179849315635,0.30447399261208,7.13295238954405,9.82385454158124e-13,2.27805766684777e-10
"AFAP1L1",625.119838252836,-1.90308899087186,0.267374477576345,-7.11769129246249,1.09749841778043e-12,2.51060178597123e-10
"CRABP2",2312.64839565795,1.76948147574949,0.249332251127276,7.09688164186279,1.27603247208576e-12,2.88009035832902e-10
"HIGD1A",2453.51481348092,-1.47091850795529,0.208070914520848,-7.06931341818036,1.55702126213634e-12,3.46805999019001e-10
"TLDC2",83.6069986961654,-4.64636444769934,0.664067609850037,-6.99682438772854,2.61829128827803e-12,5.7561603802559e-10
"LIF",217.75712784514,2.86297005505812,0.409399434729915,6.99309723509228,2.68883014399286e-12,5.83545085609117e-10
"MT1X",92.0654386341771,-3.30700798670889,0.473080500858916,-6.99037051982644,2.74161218372185e-12,5.87468494253716e-10
"PGBD5",206.894690424788,2.87604137877062,0.416774524556992,6.90071299781985,5.17421757373042e-12,1.09486443860136e-09
"DNAJB4",2637.01599765299,-1.58311661480225,0.229500014160396,-6.89811118571791,5.26984957126196e-12,1.1013335005225e-09
"CDKN2B",1018.21626150929,1.6438875589041,0.240033492050174,6.84857577525256,7.45888231460191e-12,1.52125252797086e-09
"SCDP1",338.582343726189,2.35307608750899,0.343540737594788,6.84948196823307,7.41178904484e-12,1.52125252797086e-09
"JADE1",2637.60623128872,-1.28277957033767,0.188061667627917,-6.82105814820097,9.03723497541437e-12,1.82121801980732e-09
"LINC00702",107.504040030775,-3.84419176428677,0.56950381628288,-6.7500720001801,1.47771806095707e-11,2.94291898069191e-09
"GXYLT2",1269.79495946544,1.5725308384301,0.233098540526762,6.7462062820147,1.51760819176537e-11,2.98721761281444e-09
"REV3L",11997.0607755249,-1.24038851934521,0.18543939536469,-6.68891589570722,2.24829890684744e-11,4.37462113736936e-09
"GPR68",90.2889572056125,4.25011663312854,0.636123080060711,6.681280347072,2.36863602836738e-11,4.5563943963867e-09
"SSH2",3638.63549085439,-1.4093460451042,0.211117927677642,-6.6756341377893,2.46165387869484e-11,4.68212099534228e-09
"IRS2",3303.02178253295,-1.96380689460561,0.294310211974779,-6.67257476874062,2.51353916383684e-11,4.72768788504778e-09
"MOB3B",77.1071350539585,-3.12264815900628,0.474215734202744,-6.58486830736669,4.5528875980925e-11,8.46937156708898e-09
"HIF3A",250.116801294735,-2.69166259371601,0.409051465857658,-6.58025412052344,4.69644885301508e-11,8.64146588954775e-09
"MT1E",388.095156683585,-1.82677823484767,0.278071255771772,-6.56946087353598,5.04977612457733e-11,9.19167852009086e-09
"CITED2",12296.487103656,-1.53836809663646,0.234388432780245,-6.56332771369644,5.26200255225497e-11,9.47608289410342e-09
"RASL11A",1620.28986858909,-2.24502619091434,0.34260111621402,-6.55288638788874,5.64354534405604e-11,1.00562037457032e-08
"TMEM35",1365.17637380903,1.36872638262912,0.210226920228398,6.5107093855634,7.47967277032585e-11,1.31891563183413e-08
"ARMC8",1058.43208677689,-1.47821627208279,0.227440685579409,-6.4993484710838,8.06686079389064e-11,1.40779195380393e-08
"ENC1",1298.03634204104,1.73146934155616,0.267240485648458,6.47906823457066,9.22907629036348e-11,1.5941816677885e-08
"ALOX15B",71.2074488593516,-9.85074883781762,1.52622048724638,-6.45434189891555,1.08690179383826e-10,1.85849227940345e-08
"LRRC17",2199.28359171809,2.29881866079411,0.357026113524521,6.43879697790292,1.20424148845073e-10,2.03853999164939e-08
"NAMPT",1755.78335288599,-1.34501132703782,0.209460674561755,-6.42130714919123,1.35109102034305e-10,2.26448205865021e-08
"LOXL2",3129.94906958955,1.18618426352712,0.185273134793692,6.40235436642216,1.52999044590012e-10,2.53918414394091e-08
"CADPS2",1649.93039265397,-1.61251518035524,0.253770987718308,-6.35421406857262,2.09494927478595e-10,3.44303896345403e-08
"GLS",5434.14924747193,-1.38296343561686,0.218204694581689,-6.33791788150152,2.32890890324306e-10,3.79074710712486e-08
"LINC00968",3413.05721620241,-1.97685223583375,0.312208691789337,-6.33182959931055,2.42270969814463e-10,3.90586950192308e-08
"FAM198B",10282.3001311088,-1.19478207169739,0.189948091257291,-6.2900451580691,3.17373633552039e-10,5.02102884931674e-08
"TCEAL4",5186.03156702149,-1.69411943799877,0.269283676443969,-6.29120732593409,3.15006275690692e-10,5.02102884931674e-08
"TXNRD1",34829.0966500506,-1.66680850510503,0.265070469484701,-6.28817124874497,3.21227457638006e-10,5.0349429656446e-08
"C14orf132",8164.45646327944,1.12135440899845,0.178451761451704,6.283795687284,3.30404876294556e-10,5.13127866597638e-08
"WASF3",2093.25302475142,-1.23509662080889,0.197145283738218,-6.26490574559689,3.73050983267792e-10,5.74091549523381e-08
"MYADM",6727.74144281217,-1.33124480111957,0.212947711741515,-6.25151024273738,4.06502435707892e-10,6.19934525375063e-08
"TGFBR2",21075.490942097,-1.57203305799848,0.251692809898063,-6.24584015187069,4.21528100603766e-10,6.37109614912549e-08
"RPS6KA5",99.8033891681022,2.90510317368166,0.470203758251219,6.17839207514273,6.47577331624857e-10,9.70105227411114e-08
"DIO2",1283.64054828669,-1.87341903440243,0.305760589160125,-6.12707818083557,8.95074976792062e-10,1.32910782518737e-07
"SMARCD2",3067.22259563527,-1.43168574746771,0.235144389996815,-6.08853882283603,1.13945824947853e-09,1.67728254323239e-07
"ABHD5",1556.74358551307,-1.32885615438954,0.218684815097074,-6.07658174071052,1.22771435477315e-09,1.79161625841379e-07
"CHDH",131.344486105438,2.74776883348608,0.453138750535603,6.06385754967602,1.32894869371429e-09,1.92277294762354e-07
"ANGPTL1",414.034440694689,-2.172426873851,0.360872001860432,-6.0199374366848,1.74484498558379e-09,2.50311321321715e-07
"CLDN11",6410.55706542165,1.54857373595165,0.258038623634881,6.00132536027957,1.95713369441229e-09,2.73804621314143e-07
"GALNT15",18933.161178392,-1.51043483523912,0.251628206713422,-6.00264515241468,1.94128578222689e-09,2.73804621314143e-07
"GDF5",561.213322192287,1.65260840265827,0.275349611061794,6.00185486475008,1.95076038234008e-09,2.73804621314143e-07
"SYNPO2",14025.9292201572,-1.58238615434998,0.26417405125605,-5.98993787174145,2.09921213741967e-09,2.91274287395412e-07
"GFPT2",1398.38898509373,-1.51393386323588,0.252864022079296,-5.98714617756544,2.13554841620765e-09,2.93907021053359e-07
"SAP30",494.197154734214,-1.52272838537057,0.254742468591787,-5.977520724315,2.2655911330282e-09,3.09289731450818e-07
"TST",527.109469998968,-1.405222339525,0.235478600902306,-5.96751608910736,2.40892541277096e-09,3.26226315099095e-07
"FER1L6",123.168317582354,3.09772899573837,0.522856757793505,5.92462266111089,3.13015295982934e-09,4.17222277984182e-07
"PTX3",15033.6969698172,-2.01088164666288,0.339373850935479,-5.92526984951821,3.11784971309261e-09,4.17222277984182e-07
"ATP2A2",14791.7774945591,-1.13485323777329,0.19165056779999,-5.92147078300152,3.19074998828995e-09,4.18705548850948e-07
"PPTC7",967.719805664964,-1.39174984351436,0.235014891520693,-5.92196449556397,3.18118314647539e-09,4.18705548850948e-07
"ANXA4",5581.12584575441,-1.26345913842345,0.213709583306042,-5.91203781729396,3.37900931062147e-09,4.3999899700154e-07
"NOV",687.211115288772,2.51046737755488,0.427197450772359,5.87659728075634,4.18785346301945e-09,5.41160178793841e-07
"COL4A1",1959.27440323595,-1.42642140484443,0.243035022314477,-5.86920103637863,4.37900202020789e-09,5.61573834833933e-07
"QPCT",388.17022794303,-1.57193814266405,0.268327685058453,-5.85827788258831,4.67691605036486e-09,5.95269435342679e-07
"IRF4",383.868174543785,-1.76650452632307,0.30239344649516,-5.84174209724927,5.16577370668805e-09,6.5258371124489e-07
"AOX1",3771.95754333404,-1.66103623140285,0.284529239339892,-5.83784019968018,5.28818396127634e-09,6.63099097011007e-07
"NEDD4L",1413.91708583598,1.39887835132556,0.239789346295485,5.83378024477268,5.41854770601089e-09,6.7444982034818e-07
"OMD",479.020655736571,-1.90770687777884,0.327721779074738,-5.82111717800659,5.84555669807949e-09,7.2228893273788e-07
"PHGDH",1648.19188846543,1.3766168128311,0.237553681692997,5.79497149031843,6.83327882106925e-09,8.38215535384494e-07
"ZRANB1",3227.99865238082,-1.07427745255475,0.185441699660816,-5.7930738044338,6.91097183486542e-09,8.41646987198574e-07
"DNM1",962.035324441724,1.76155820232901,0.304388110008296,5.78721094684347,7.15646861475696e-09,8.65319290790041e-07
"ABAT",758.407724156601,-1.23074088278885,0.213284839258312,-5.77040959436539,7.907908180817e-09,9.49397657339505e-07
"C1QTNF1",1412.54626814932,-1.34819368364718,0.233871409360476,-5.76467934808204,8.18132365566845e-09,9.75305963684194e-07
"NAMPTL",2024.15202220542,-1.09917904003772,0.190806292840364,-5.76070644041777,8.37626119687779e-09,9.9156188490033e-07
"IMPA2",790.312671610106,-2.25485926640001,0.392897246964791,-5.73905590792311,9.52057892789371e-09,1.11919694507906e-06
"CORO2B",812.394012871371,1.29946139766297,0.226519032979803,5.7366543577768,9.65650427491537e-09,1.12734692666046e-06
"CCL11",280.228374681336,1.99263865266837,0.348102269898181,5.72429089086726,1.03866651668569e-08,1.20428402701749e-06
"QPRT",1581.49281893458,1.17976635280033,0.206595059649693,5.71052548304283,1.126278706842e-08,1.29698271764772e-06
"RHOB",6607.67947297683,-1.18114532479887,0.207189860067411,-5.70078730887011,1.19255354161872e-08,1.36313636476843e-06
"SAT1",5940.54196392453,-1.41639121461305,0.248500573883961,-5.6997502761279,1.19983056681531e-08,1.36313636476843e-06
"TENM4",1071.42430743412,1.9395214382269,0.340488768988174,5.69628608893781,1.22445348270228e-08,1.38183657034561e-06
"FSTL3",2826.05683881177,-1.87088629743109,0.328689199998489,-5.69196157780568,1.25588118877471e-08,1.40791766646214e-06
"NKD1",136.01880871774,-2.62788434209477,0.461932586814617,-5.68889144672834,1.27866715948588e-08,1.42403142603795e-06
"SLC5A6",582.462951010427,-1.32406331090711,0.232930151589098,-5.68437920927828,1.31288675467505e-08,1.44315240150255e-06
"WARS",3774.98928389968,1.19986099073454,0.211079730245811,5.68439702541432,1.31274990818006e-08,1.44315240150255e-06
"TUBA4A",349.095777123898,1.79910408075183,0.316927816597786,5.67669982415926,1.37318126763811e-08,1.49969112894052e-06
"ORMDL1",3160.41199775762,-1.12225641734281,0.197828038322667,-5.67288856957859,1.40409566808933e-08,1.52362381214206e-06
"CFLAR",4051.53147765011,-1.18789481535809,0.209599090855917,-5.66746167889953,1.44928454625975e-08,1.56264259866783e-06
"EGR1",931.800748891846,1.55815543756424,0.275100190143586,5.66395623627513,1.4792214846301e-08,1.5815551062609e-06
"UGP2",4498.82230553173,-1.07725029460128,0.190218403238845,-5.66322856389794,1.48551076261509e-08,1.5815551062609e-06
"ZHX3",5760.70211129384,-1.08853198972177,0.192275427042033,-5.66131619868309,1.50216343442864e-08,1.58928891362551e-06
"APBB2",3794.51379252515,-1.124651783126,0.199475838949483,-5.63803510765443,1.72001447542663e-08,1.80847236273429e-06
"FAM171B",2112.96790073546,1.16335110032058,0.206785754003765,5.62587643392203,1.84568435976496e-08,1.92862622482107e-06
"NR3C1",4898.31180060256,1.08302196586452,0.192694020269138,5.62042332373288,1.90490121228746e-08,1.9782924982578e-06
"MFAP4",43094.817547508,1.00394730717686,0.179022813657761,5.60792944018915,2.04761467501119e-08,2.11353787918228e-06
"OMG",517.623769802461,1.41476905566875,0.252557506653817,5.60176996682182,2.12174010452556e-08,2.17677675693386e-06
"TMEM200A",1430.58865895627,1.16526721019733,0.208721912051597,5.58286956430942,2.36582180117574e-08,2.41256815965681e-06
"USP33",3590.81854501413,-1.0192257922121,0.182679431039588,-5.57931337103423,2.41469870450995e-08,2.44766584849967e-06
"RTKN2",158.034236326666,2.03139293193697,0.36458394566378,5.57181125526115,2.5210446563057e-08,2.54025261559184e-06
"CDON",520.238427130106,1.822223739395,0.32775744700353,5.55967150725144,2.70282879437209e-08,2.70730685391306e-06
"ABCA6",2410.92302139993,-1.14061887826313,0.205459789937131,-5.55154309566921,2.83158888230602e-08,2.81959627056919e-06
"ARSI",328.947350744688,1.70482112476756,0.30735651816767,5.5467218815823,2.91075182856425e-08,2.88147409087343e-06
"CTPS1",763.386536362414,-1.72086870418465,0.310990028177206,-5.53351731009226,3.13871991026515e-08,3.08908433959119e-06
"FAM46A",923.056111250489,1.28458754705016,0.232287404816426,5.53016444462563,3.19930730439706e-08,3.13051295079962e-06
"GPR37",367.023470023775,-1.38392296190522,0.253143194299355,-5.46695701512187,4.57827019454057e-08,4.45407803753924e-06
"IGSF10",11934.0506260686,1.26909863377531,0.232411202335776,5.46057427964158,4.74596867484447e-08,4.59084329872956e-06
"GLI2",543.612813504061,1.270745029162,0.232999387785599,5.4538556570428,4.928921636717e-08,4.73926903338211e-06
"SMTNL2",112.717446449212,3.16070329898573,0.579636781900364,5.45290326232098,4.95540299449808e-08,4.73926903338211e-06
"MFGE8",11533.6709959827,-1.1993685426176,0.220331568857657,-5.44347116863876,5.2252194246092e-08,4.96924238313396e-06
"SAMD4A",4898.53346643627,-1.17791106066322,0.216723072209533,-5.43509765090625,5.47664311674766e-08,5.17925221677678e-06
"RP11-357D18.1",59.7971955837428,-8.16104467901081,1.50243121233129,-5.43189239682228,5.57595436880932e-08,5.22059591976016e-06
"ST8SIA1",366.178510634221,1.61419691466879,0.297180915654346,5.43169776267289,5.58204076959233e-08,5.22059591976016e-06
"NCKAP5",159.140333254265,2.5540900198371,0.470946766663459,5.4233093857554,5.85055995017414e-08,5.4416636723378e-06
"GDNF",313.544659136401,-1.92440110390417,0.356812757874247,-5.39330800661112,6.91722305288088e-08,6.36384520865041e-06
"STEAP4",803.886895454192,-6.04237825916388,1.12059067004361,-5.39213686200755,6.96247044037904e-08,6.37084862782359e-06
"RGL1",1457.28303502336,1.23164102106408,0.228760093788591,5.38398546995833,7.28543873123703e-08,6.63053262593444e-06
"TNFRSF19",2216.06383320991,1.10870170882716,0.206307290051697,5.37403069251379,7.69957428318508e-08,6.96996756501375e-06
"FZD5",94.7116203499283,-2.69595695464508,0.501781407358183,-5.37277171914152,7.75354640106555e-08,6.98149114240625e-06
"CIDEC",31.2097487820494,-4.84423597576437,0.904520400255971,-5.35558509724434,8.5279997957728e-08,7.63820002872179e-06
"HPS5",1272.32100857173,-1.63896597587136,0.306147527157929,-5.35351695010059,8.62609506064744e-08,7.68539669403367e-06
"MORF4L2",8247.82714620369,-1.03919476750343,0.194996547599291,-5.32929828911092,9.85929529055797e-08,8.69261201450861e-06
"RAP2B",1104.44958831597,1.17792477140976,0.220998255351172,5.33001841819072,9.82028068433252e-08,8.69261201450861e-06
"TRIM45",231.72420139049,1.89503861630209,0.355747538342598,5.32691982952557,9.98922268864913e-08,8.761531692925e-06
"RAI2",2024.82864502198,-1.49278692144408,0.280417339907327,-5.32344726591239,1.01818979798697e-07,8.8844932475894e-06
"SLC7A14",312.075793611774,2.94378991892562,0.554912188324271,5.3049653276049,1.12694414411685e-07,9.78303101108211e-06
"ULK2",1904.80484352443,-1.28621846821806,0.243736823567693,-5.27707897965955,1.31259324423768e-07,1.13365196114568e-05
"CEBPD",3546.15087068544,-1.37419999229884,0.260718240260117,-5.27082413155217,1.35812556243491e-07,1.1670228183197e-05
"ANPEP",5271.65476486991,-1.2034523890016,0.229013933174406,-5.25493087831085,1.48080075452966e-07,1.26600985720596e-05
"ARHGEF2",2860.99114389689,1.04574827356068,0.199081482692419,5.25286560767865,1.49750807420072e-07,1.27386013467687e-05
"RP11-366L20.2",340.092070246717,-2.42398190313696,0.461884662625963,-5.24802423478591,1.53739077415547e-07,1.30124755124519e-05
"TUBA1A",9062.2126705094,1.39597867148136,0.26608850318027,5.24629457791947,1.55188702036247e-07,1.30698226272119e-05
"AXIN2",522.938392304201,-1.33101105017543,0.254423743707882,-5.23147341037336,1.68164227043985e-07,1.40924952247553e-05
"AKR1C1",7959.75246297683,-1.28934810591238,0.247218826420994,-5.21541229112026,1.83408829280927e-07,1.52193365787624e-05
"NEK10",145.162641919076,2.19162666584107,0.420495148215758,5.21201415792921,1.86801288963598e-07,1.54252303393941e-05
"HSD17B6",348.376935727378,2.27172068161445,0.436493239391604,5.20448079512259,1.94539740629439e-07,1.59090276781408e-05
"PNPLA2",2852.68729773394,-1.01898120096156,0.19603400081287,-5.19798196606853,2.01463667876988e-07,1.63960431241426e-05
"PCBP3",260.00443962855,-1.66299317635746,0.320121319663788,-5.19488417111376,2.04847340985012e-07,1.65916544889678e-05
"FZD8",188.888524037086,-2.32619350129669,0.448340239006416,-5.18845577290107,2.12045107266349e-07,1.70928551228798e-05
"AHCTF1",751.105304427395,-1.61210131407971,0.311579169328921,-5.17397012628235,2.29171481251574e-07,1.83858522968088e-05
"IFIT1",523.1567606485,1.50692330980868,0.291566243247229,5.16837372195693,2.36139755305689e-07,1.88555366878052e-05
"EOGT",2323.6907899013,-1.36088549193718,0.263445381740003,-5.16572157366666,2.39513104330252e-07,1.89483570792892e-05
"SORT1",7658.9127351646,-2.13455003894492,0.414515520833125,-5.14950570404395,2.61173831791851e-07,2.05634912770812e-05
"RASL10B",217.647759335709,-1.71961855985984,0.3345993541887,-5.13933615929828,2.75710772121025e-07,2.1517359902598e-05
"STC1",768.252684402563,-1.34766920280828,0.26223049912768,-5.13925423355162,2.75830995915866e-07,2.1517359902598e-05
"DCXR",577.845585841766,-1.88297319062869,0.366618038202297,-5.13606258945089,2.80554255653834e-07,2.17854240353583e-05
"MARCKS",9433.3309648736,1.09497534710548,0.213575388618146,5.1268798066579,2.9458344586051e-07,2.27703587740946e-05
"PXDC1",2131.83395419206,-1.4571461851535,0.285188885687789,-5.10940733766433,3.23170938500209e-07,2.47718562778194e-05
"TRPC6",825.548660913792,-1.79563816336721,0.351447024219557,-5.1092712119407,3.23403842001305e-07,2.47718562778194e-05
"FAM46B",117.855503507033,-2.40402466780735,0.471420200835774,-5.09953681141642,3.40485649819411e-07,2.59627976583017e-05
"PCYT2",566.723416797237,-1.20076335038965,0.235610821273628,-5.09638455440524,3.46201520850809e-07,2.6280266120908e-05
"PPP1CB",7877.69360128575,-1.19353816080902,0.234470437089522,-5.09035670178464,3.57390570839968e-07,2.70085159963347e-05
"BDKRB2",8350.09677579439,1.90233731223798,0.373914511022426,5.08762633211601,3.6257285864047e-07,2.72783704491817e-05
"NYNRIN",3092.87415633316,1.26407956086986,0.248678623930781,5.08318544187262,3.71157012922672e-07,2.78006456405088e-05
"PTPRG",4158.99977573647,-1.06023864565975,0.208641182104931,-5.08163649651168,3.74196975924171e-07,2.79048740460105e-05
"DANCR",399.224935907287,-1.39786677701881,0.275601258077674,-5.07206239466745,3.93527306718824e-07,2.91899565660646e-05
"FST",4332.64499041379,2.12895036201894,0.420634193112831,5.06128697304423,4.16435855442669e-07,3.05997931385649e-05
"LPPR4",51.3205220043396,2.95124704037589,0.583191227681081,5.06051343075034,4.18129003344789e-07,3.05997931385649e-05
"SMTN",1920.4085027752,1.18021564787831,0.233246648894815,5.05994685655932,4.19373346417004e-07,3.05997931385649e-05
"STON1",1751.7079582455,-1.36829080076302,0.271134240546196,-5.04654372685137,4.49873969074462e-07,3.26844057875214e-05
"HSPA12B",105.552454498324,2.76158754325929,0.548570651502684,5.03415109010033,4.79971009906904e-07,3.45742521519322e-05
"TUBBP1",2428.4986368588,1.56760218411508,0.31154566111013,5.03169319877301,4.86166839825857e-07,3.48721706125937e-05
"MAFF",945.218507214616,-1.04263085052694,0.20736083206169,-5.02809928066241,4.95365402077121e-07,3.52333845645441e-05
"PDLIM1",3236.68940048503,-1.04482053274237,0.207788764128128,-5.02828214569923,4.94893337075174e-07,3.52333845645441e-05
"SYN2",61.265418163039,-3.8381234068083,0.764625151024806,-5.0196143844656,5.17753082862552e-07,3.6671649316725e-05
"ITIH5",28288.9457828157,1.01637413846288,0.202563661046469,5.01755415167835,5.23334531944963e-07,3.68989726061168e-05
"KLHL42",1606.96418222324,-1.08779067285419,0.216828480167576,-5.0168256126386,5.25322093459011e-07,3.68989726061168e-05
"ITGA11",1863.88354371591,1.47793536588792,0.295182040531412,5.00686072644262,5.53249277352023e-07,3.87000155661779e-05
"GSR",1524.2132814424,-1.06093324306653,0.211964933366406,-5.00522999826857,5.579537017817e-07,3.88684784516898e-05
"TMEM26",83.5607357554088,2.29973111500511,0.459596218095006,5.00380774353918,5.62088175796739e-07,3.89960190159312e-05
"RASSF2",3105.8397387906,1.19060022676567,0.238343848874839,4.99530502837054,5.87428450175696e-07,4.05877094064252e-05
"PLA2G4A",97.7879004620514,2.21676179912726,0.443940977932765,4.99337053643871,5.93345646369834e-07,4.08298987875957e-05
"TUBA1B",825.432180349767,1.27582203872223,0.255873659124675,4.98614059409915,6.15973282893248e-07,4.22153673393397e-05
"S1PR1",407.073414535521,1.54540561209092,0.310913797427398,4.97052760243548,6.67709544979751e-07,4.54190165428255e-05
"SEMA3B",1635.61725545852,1.01087910170618,0.203379061743018,4.97041874931791,6.6808454153849e-07,4.54190165428255e-05
"FAM105A",35.5686389181478,-3.72287155782139,0.750822379537991,-4.95839183711094,7.10790932240095e-07,4.81290756038413e-05
"CIT",320.520949413155,1.43099353353977,0.288828173841151,4.95448042519144,7.25238167725505e-07,4.87175861240371e-05
"FOXO3",4231.66144128613,-1.24393848641551,0.251165791791814,-4.9526588694315,7.32062450743244e-07,4.89816330679116e-05
"PPP1R14A",228.300969205944,-2.67714172862356,0.541031288678798,-4.94821978810348,7.48953117032599e-07,4.99144817524718e-05
"AHCTF1P1",1713.90678876274,-1.40125578485968,0.283908161305566,-4.93559529397088,7.99066523942325e-07,5.28382738956862e-05
"LMCD1",5399.94932326048,-1.38257796263707,0.281305555161789,-4.91486192600036,8.88450523737905e-07,5.85201963651177e-05
"PPP1R1B",100.379347099512,2.5285084664893,0.514563733724241,4.91388782530163,8.92878485226297e-07,5.85839030926773e-05
"ENDOD1",3309.13986003449,-1.81727903811037,0.371460489690053,-4.89225392349724,9.96877151365644e-07,6.51549668660912e-05
"TJP2",6711.57219936739,-1.87584040298096,0.383749815154426,-4.88818581508919,1.01769452581021e-06,6.62597420496743e-05
"PHLDA1",3972.07271864684,1.04195544579499,0.213199702537767,4.88722748386766,1.02265906319314e-06,6.63278644510862e-05
"CXCL12",37385.9986255642,1.96563390364394,0.402361209227635,4.88524703317482,1.03299255355357e-06,6.6742358574637e-05
"CTB-167B5.2",40.4238973926379,-5.96698932225049,1.22282815347166,-4.87966302158642,1.06267253433033e-06,6.83989378750716e-05
"APCDD1",3345.87491388817,-2.12189138567654,0.435181491194225,-4.87587691253514,1.08326142719759e-06,6.9197922413588e-05
"MAP1LC3C",163.75620360922,-2.00178723747086,0.411147757652005,-4.86877819522288,1.12290358573139e-06,7.14605710498535e-05
"PSAT1",957.37471575297,1.10357751257682,0.226728431569768,4.86739799210947,1.13077164029264e-06,7.16917690145088e-05
"HSPA2",589.204197419639,-2.20480473700617,0.453411110743036,-4.86270557726961,1.15792017052739e-06,7.28671845601769e-05
"TCEAL1",771.486536368122,-1.13573453668665,0.233528122340091,-4.86337373548812,1.15401652058777e-06,7.28671845601769e-05
"TUBB",13157.3886439041,1.32140702653506,0.271906656704935,4.85978181832087,1.1751518965551e-06,7.34057981730063e-05
"APOD",722.072170332663,-1.31032751558365,0.26976158052787,-4.85735408659601,1.18964743425616e-06,7.40380579672362e-05
"AASS",817.410532847583,-1.0311102593325,0.213296952446458,-4.83415373499688,1.33713225922354e-06,8.26093973873579e-05
"KCNK6",681.840471437204,-2.41171244933288,0.499190323561375,-4.83124839465435,1.35679602846549e-06,8.35194297085958e-05
"SYTL2",990.186783794862,1.0901581799165,0.225753788037926,4.82896960175638,1.3724135497249e-06,8.41746977164603e-05
"MTSS1",2048.58907097842,-1.92748346468939,0.399849933949475,-4.82051715164956,1.43186544779193e-06,8.73130096082097e-05
"RP11-824M15.3",159.515361044658,-1.61933440892745,0.335945168591673,-4.82023425345249,1.43389748765845e-06,8.73130096082097e-05
"GAS7",315.422412535203,1.95791467593364,0.40645659281571,4.81703264392951,1.45708857869568e-06,8.8407152186955e-05
"CHST7",783.826480544123,-1.3479523550228,0.28015177221828,-4.81150750662587,1.49796107330154e-06,9.05624466030303e-05
"PDPN",2382.91713977284,-1.94849026826199,0.405054716549658,-4.81043717959798,1.50600531931264e-06,9.07247617271332e-05
"STIM2",1854.87668158345,1.09812417635873,0.228406659115292,4.80775902336733,1.52631590327189e-06,9.16222539382501e-05
"CREB5",1126.80374656565,1.89137815912181,0.393598137585939,4.80535342652336,1.54478374997174e-06,9.24031778074967e-05
"VEGFA",3159.8131342711,1.55218942894745,0.323260781015864,4.80166330128146,1.57353110680244e-06,9.37913189294077e-05
"TNIK",911.418572166266,1.29802260523224,0.270583515441767,4.79712373872085,1.60960176346978e-06,9.52704148671901e-05
"WIPI1",3470.24200050044,-1.03032083689198,0.214828690275806,-4.79601135010975,1.6185611328344e-06,9.54669089080861e-05
"BRCA1",315.130443931473,1.37896131619682,0.287914610382322,4.78948016693454,1.67213923369983e-06,9.8284628291912e-05
"AGTRAP",1150.55077878021,-1.06312202066038,0.222222416045202,-4.78404492031143,1.71802262701127e-06,0.000100632135052065
"COL27A1",428.903063756886,1.48623063151744,0.311458848393756,4.7718362768699,1.82553874432095e-06,0.000106561102978845
"HMGB2",1254.85704620503,-1.41937820166037,0.297557753774183,-4.77009314547232,1.84140751345831e-06,0.000107118028824132
"AQP3",128.440620662127,2.79282592984275,0.585603671180921,4.76914006398008,1.8501399452144e-06,0.000107257428056813
"C10orf10",33381.2155157758,-1.57964192225322,0.331669586099434,-4.76269754134057,1.91022048058749e-06,0.000110362499301655
"GRAMD4",708.55823397221,1.29447111218391,0.27194845665219,4.75998697738329,1.93605450760083e-06,0.000111474594233561
"LRRC16A",1457.53457284865,-1.13853196248132,0.240794385155597,-4.72823301816452,2.26482178437701e-06,0.000129087216046916
"SCN7A",6902.04808210721,-1.32581656928898,0.280758695076835,-4.72226361119875,2.3323410275071e-06,0.000132489492998793
"CLIC6",1291.93007872158,-1.22191543416298,0.259827808632412,-4.70278928415883,2.56631235621889e-06,0.000145292761090546
"P2RX7",126.914401907702,2.101354102421,0.447945337351753,4.69109493324381,2.71746837267899e-06,0.000153337682042367
"ADRA2A",54.8089429624487,2.83577152882759,0.604654830910842,4.68990138482121,2.73336750759287e-06,0.000153546578614389
"GALM",761.322628193128,1.04359141049252,0.222831573530252,4.68331930686133,2.822662845265e-06,0.000157177752120546
"LHFPL2",3796.70547586631,1.24413179732144,0.26564409576115,4.68345360267327,2.82081327278888e-06,0.000157177752120546
"EDA2R",1768.4337219461,1.01889261998903,0.21761581807874,4.68207058192968,2.83991656177117e-06,0.000157620024779221
"CTTNBP2",503.592108571031,1.11402614680816,0.238241226553076,4.67604269389529,2.92463743710963e-06,0.000161264698812351
"RP11-392O18.2",445.911896268182,-1.47795598482709,0.316060617021921,-4.67617888857244,2.92269674786965e-06,0.000161264698812351
"GADD45B",608.868637801011,-1.24287584199171,0.267181349247526,-4.65180614399949,3.29040329073996e-06,0.000179677248082729
"TSPAN11",462.350559726528,1.47731610185624,0.317732207567319,4.64956358427476,3.32638125412822e-06,0.000181057819517307
"ZNF521",1551.38292037558,1.02246068513513,0.220158227328131,4.64420838386941,3.41382863627331e-06,0.000185222087034726
"TRERF1",734.811560405644,1.00523800269246,0.216528022822966,4.64253074307315,3.4416740892178e-06,0.000186136290678207
"RXFP1",51.4414757483888,2.7410331565876,0.590521829292212,4.64171351611667,3.45531716895251e-06,0.000186279009668879
"TSC22D1",9190.58269066221,-1.24578296241761,0.269163055960206,-4.62835792220232,3.68576596489506e-06,0.000197445083081467
"RP11-986E7.7",27.9416314293331,-4.22085280270774,0.913807134345309,-4.61897554097314,3.85639307277823e-06,0.000205933823141924
"RAPGEF5",97.3225341700176,-3.84460318227737,0.832520934666567,-4.61802583236802,3.8740803503537e-06,0.000206227774121973
"STARD7",5786.35223349346,-1.4559803645571,0.315641274460135,-4.61276924903871,3.97339336320611e-06,0.000210851419599853
"DDI2",857.947073097108,-1.26705453296015,0.274789324762541,-4.61100348077596,4.00729827142836e-06,0.000211010944279443
"SGCD",4385.48924284526,1.2962758643737,0.281122277820951,4.61107484764799,4.00592257977112e-06,0.000211010944279443
"SLC38A2",31392.4009151499,-1.28923789618949,0.279620706390773,-4.61066675937714,4.01379513575028e-06,0.000211010944279443
"HSD11B1",797.644078812432,-1.99573706118996,0.434066838466454,-4.59776440937264,4.27048489587303e-06,0.000223810428227055
"CCKAR",1396.44892423842,2.10954800083426,0.459279038576334,4.59317282881755,4.36557218244701e-06,0.000227385864321424
"RP11-485G4.2",478.009150329335,-1.09725081069941,0.240037357328853,-4.57116685048388,4.85015898748654e-06,0.000251081013272698
"NCOA3",2198.75668752712,-1.27238775049406,0.278674754927842,-4.56585222735199,4.97469127136432e-06,0.000256742603175778
"RHOJ",1308.8183948412,1.0656091330935,0.234183389381956,4.55031902948283,5.35646391011176e-06,0.00027311512370594
"PREB",2756.18337302779,-1.17532550070563,0.258370514973123,-4.5489923679097,5.39033977643173e-06,0.000274017032238547
"GPX3",22282.4959278135,-3.92631975689996,0.86354239274068,-4.54675970734771,5.44781356645002e-06,0.000276109545068461
"GALNT12",494.464973997469,1.19791372908708,0.263770404894367,4.54150165014462,5.58549487181774e-06,0.00028224255877651
"GDF15",741.16024219324,1.99326951573988,0.439472436788345,4.53559620327194,5.74409872870285e-06,0.000289393164522267
"SLC25A32",763.389964995264,-1.01572181602751,0.224425288277555,-4.5258795201873,6.01448391318412e-06,0.000301399643415039
"TM4SF1",1547.70849936481,-1.3732782605166,0.303499014233844,-4.52481950883207,6.0447069857092e-06,0.000301843067416181
"PDLIM1P1",664.381474767713,-1.03581430146098,0.229044779710403,-4.52232224096368,6.11648475542804e-06,0.000303933256385849
"CALCOCO2",4112.89875187132,-1.27179604384124,0.281783833648685,-4.51337476452554,6.3804131773241e-06,0.000314891061999249
"FAM63B",2512.94645567615,-1.03922617495664,0.230484055812425,-4.50888531657215,6.51691228509937e-06,0.00032069270686675
"ADHFE1",335.922945965347,-1.71156263402616,0.379964282287726,-4.50453559403273,6.65182485300061e-06,0.00032638287278723
"ANGPTL4",819.602146577003,-1.48331645481946,0.329695080154435,-4.4990554730894,6.82560465134632e-06,0.000333941721208065
"SEMA6D",478.599250589847,1.25350160905371,0.27914768741052,4.49046030322397,7.10694200050075e-06,0.000346704075459587
"CTC-462L7.1",152.604307629704,-1.86625141948828,0.415785616654323,-4.48849441812186,7.17283033327587e-06,0.000347913099947547
"SLC4A4",395.918685875707,1.11782247828363,0.249011213810722,4.48904473488213,7.15432734860345e-06,0.000347913099947547
"TNFSF13B",103.580898822043,1.7716470374526,0.394962421179499,4.48560911734798,7.27059255368169e-06,0.000351647402139211
"CD82",2701.20431667933,-1.48063770579371,0.331652489579552,-4.46442512061576,8.02840190715e-06,0.000383911829051512
"CH25H",59.4303552052663,2.3982192079763,0.537142209744098,4.46477518331476,8.01528700643425e-06,0.000383911829051512
"ALDH6A1",906.917030688848,-1.31189013805787,0.295207744340393,-4.44395569970272,8.83197977465726e-06,0.000419965600071343
"ADCY4",141.546802790371,2.0984362431011,0.473003399582683,4.43640837455394,9.14722429035986e-06,0.000433737290720481
"TEX2",5235.6813365878,-1.43227449358688,0.323012373611285,-4.43411649397211,9.24506292700652e-06,0.00043715202577756
"FBN2",11865.255228334,-1.53964297912485,0.347419853061621,-4.4316493877849,9.35149896591913e-06,0.000439753142234159
"TMCC2",249.519182237986,1.26942694493044,0.286446496028267,4.43163719065068,9.3520280720875e-06,0.000439753142234159
"ING2",672.76422663497,-1.39046328233439,0.314132059627665,-4.42636540817415,9.58341308449261e-06,0.000448143692525665
"ITGA8",588.821740507228,-1.03727966738184,0.234442998727973,-4.42444292646765,9.66914609618495e-06,0.000450907176628702
"EPHB6",3527.51070337698,-1.14376744144861,0.258928001387299,-4.41731846428532,9.99329390215547e-06,0.000464743074658483
"HIGD1AP1",472.172432963331,-1.17334219785622,0.265680123751954,-4.41637176799753,1.00371398611524e-05,0.000465503297450924
"PKDCC",2591.25749998207,-1.57402654350621,0.356507869199825,-4.41512426370582,1.00951983031566e-05,0.000466916712775506
"TUBB3",927.276995778826,1.55710901430526,0.353162533435447,4.40904361841054,1.03828113897065e-05,0.000478910711730113
"C7",2507.73939513925,-3.85816176528768,0.878527055695594,-4.39162543745781,1.12506396931452e-05,0.000514731969528546
"COX11P1",250.036328119552,-1.4543920114754,0.332141647696882,-4.37883060302843,1.19317829775265e-05,0.000542960274848301
"MPP3",161.372615826931,-1.5095860070487,0.346015131804963,-4.36277453871469,1.28423274296134e-05,0.000582828200344493
"NR4A3",341.204252255938,-2.37514229175826,0.545182701982555,-4.35659877527489,1.32099094418531e-05,0.00059631292541784
"VGLL3",23779.1594463241,-1.27708323994407,0.29334874733612,-4.35346409876017,1.34003048749272e-05,0.000602410245080432
"MAMDC2",1087.08126680721,-2.09451725876265,0.481525598218694,-4.34975267464676,1.36291161151752e-05,0.000610353644438321
"CHRDL2",66.6638593149665,2.44922850756779,0.563387944568445,4.34732147036604,1.37810162054704e-05,0.000615527816164123
"RP11-434D9.1",14.7736586224044,-7.58791289012305,1.74649712672459,-4.34464664957883,1.39500025982692e-05,0.000621435905219738
"AIF1L",178.55493449056,3.04017368583251,0.701403995962376,4.33441169901118,1.46150436003586e-05,0.000646215443465681
"JAK2",925.55599147711,-1.01413813305452,0.233985903257619,-4.33418474760829,1.46301275211861e-05,0.000646215443465681
"KIAA1644",333.291672747503,1.96188615706541,0.452699254521414,4.33375168496685,1.46589514585788e-05,0.000646215443465681
"DDIT3",802.108944238634,1.07877764382189,0.248996875084446,4.33249470884336,1.47429207362869e-05,0.000648228992789257
"RP1-151F17.2",97.4787774353394,1.94054332848302,0.448202830851059,4.32960970995714,1.49373839976123e-05,0.000655077814278709
"COX11",1164.94246558117,-1.07669229410645,0.249170087786514,-4.32111375675617,1.55243608342485e-05,0.000679060413959068
"RP11-890B15.2",24.0491857572748,-5.215206885976,1.20863942449719,-4.31494023798339,1.59646085813552e-05,0.000696517768209228
"LEP",174.483577880015,-2.85665469766254,0.662159577184222,-4.31414842598853,1.60219281440414e-05,0.000697221592859465
"GCLM",2539.37705985276,-1.18221291947879,0.274382235586003,-4.30863505778323,1.64265155638516e-05,0.000712995014012511
"AAED1",1387.51003801714,-1.02775327355025,0.238715552004599,-4.30534694920275,1.66724226729251e-05,0.000721817828663111
"RNF217",1371.1578001231,-1.12459659807634,0.261844993259295,-4.29489441091852,1.74776500904003e-05,0.00075282865325775
"OSBPL3",1617.93517891571,1.02710590293677,0.23980758523134,4.28304176427919,1.84355550692017e-05,0.00079207379749098
"MAP3K8",840.837084985435,-1.06977071206363,0.250011157521821,-4.27889188093641,1.8782606642046e-05,0.000804941684143178
"RP11-121L10.3",3957.7142671298,1.11314417418942,0.260268176973998,4.27691232609138,1.89503392043808e-05,0.000810079146595348
"RHEB",644.420296293862,-1.10136484473653,0.257853679370819,-4.27127837548774,1.94355616376121e-05,0.00082518685980502
"PER3",238.10929732929,1.89568755045467,0.444544419891957,4.26433774810491,2.0049597357523e-05,0.000848498960170372
"NFIL3",2747.17348142549,-1.30976200664669,0.307351065809985,-4.26145262647774,2.03102411068409e-05,0.000855253137951747
"STK32A",60.6006294741857,2.24092770772369,0.526174822916166,4.25890333426449,2.05432278123567e-05,0.000862917519621772
"KIAA1755",399.198692855512,1.46767778414463,0.345327291365022,4.250106553534,2.13668846733871e-05,0.000893083021607646
"CNIH3",102.106342831779,1.84045314653701,0.434168386629368,4.23903076137168,2.24486899498627e-05,0.000930610347488417
"TCEAL3",1128.49524107478,-1.10633995382467,0.261011003951109,-4.2386716922935,2.24846190998796e-05,0.000930610347488417
"RP11-1024P17.1",49.5334953124264,-2.99017363809002,0.706033614568964,-4.23517177707683,2.28377058255977e-05,0.000940624535804665
"BLNK",29.6294222665072,4.34803455432079,1.02910649328359,4.2250579339437,2.38879316113943e-05,0.000979115995926592
"DBP",136.527909295405,1.52236018227303,0.360527226621818,4.22259421719053,2.41506390970112e-05,0.000987492798633346
"INPP5A",1461.03988451201,-1.59843159941615,0.37893193295748,-4.21825520731585,2.4620006670511e-05,0.00100425897088774
"FGF13",398.003267106557,1.63519114210725,0.387849783676994,4.21604242396344,2.48627007508478e-05,0.00100998781995355
"ZCCHC6",1725.32792373742,-1.19813126830859,0.284194318637352,-4.21588747464537,2.48797803001318e-05,0.00100998781995355
"HSPB3",127.431834316443,-2.03848192749694,0.483900530685488,-4.21260527366906,2.52441994456888e-05,0.00101988975708024
"FAIM2",208.370281177381,1.88117762071157,0.446719660154575,4.21109207519687,2.54139129553855e-05,0.00102430171073516
"TGFB2",266.535240575194,1.19323684946447,0.28379573013286,4.20456237627624,2.61587792544442e-05,0.00104684589886343
"GLRX",2763.2156153079,-1.02677196742431,0.245298816960824,-4.18580073131087,2.84162563480338e-05,0.00112917931328525
"G0S2",66.975413749444,2.93801012682851,0.702762555240919,4.18065832466175,2.90666344783653e-05,0.00115231847412124
"ZNF135",222.959471626245,1.43428803340202,0.344501019401259,4.16337819811042,3.13573332963737e-05,0.00123733551990912
"IGDCC4",408.876257898488,2.22020587533819,0.533814019022657,4.15913744529058,3.19451639529754e-05,0.00125177716526844
"PLEKHG4",277.91777143085,1.66449750964336,0.401065992513307,4.15018361245906,3.32208675667439e-05,0.00129576692665862
"FIBIN",4999.38888991899,-1.10401379004293,0.266194984567688,-4.14738764457151,3.36290408220425e-05,0.00130867219088629
"PRR5L",148.944595000677,-1.42490226859426,0.343737213740965,-4.1453244270143,3.39332922955074e-05,0.00131748342196869
"SQRDL",1185.32433946689,-1.01926116189952,0.246049469998026,-4.14250500888175,3.43532863245347e-05,0.0013307378281504
"EGR3",72.8024050451992,2.35414594221834,0.56859776481257,4.14026591011019,3.46903457555523e-05,0.0013376723757403
"NUAK1",719.237599971271,-1.27267974457522,0.307379301844607,-4.14042109191403,3.46668847630871e-05,0.0013376723757403
"CILP",1348.36556611879,-1.55322228723051,0.375385692403183,-4.1376704511217,3.50849795799552e-05,0.00134981485074882
"YPEL4",276.390968453274,1.32747218656945,0.321524713313657,4.12867854818508,3.64854061524541e-05,0.00139044888055392
"FAM196A",57.8094335922686,-2.13550033326641,0.518190600447922,-4.12107114914954,3.77114929289782e-05,0.00143134563296355
"ZDHHC23",134.723478896665,-2.25661559245306,0.547705715250461,-4.12012423755909,3.78668160469892e-05,0.00143402564215533
"PPFIA4",499.648173124,1.02705321156576,0.249468606899418,4.11696375079313,3.83896425048114e-05,0.00145058006321752
"TNFRSF11B",10901.7637062901,1.76532406985052,0.429057944598544,4.1144187913879,3.88156176016016e-05,0.00146340929790626
"RNF144B",202.340701559317,-2.01398235212213,0.490164259090057,-4.10879070591742,3.97736319145612e-05,0.00148957531205684
"FAM107B",4168.038054346,1.09663829501436,0.26771641111584,4.09626847470267,4.19862985205601e-05,0.00156551555364767
"ACKR4",316.36357461142,1.49094285735366,0.364437641138407,4.09107811338134,4.2937246811774e-05,0.00159745431654882
"RP11-401P9.4",101.540082778402,-2.43479324194138,0.600462502818759,-4.05486309388463,5.01636742756028e-05,0.00184602321334218
"AP1M1",2672.87216179814,-1.00299919148944,0.247925937907994,-4.0455597343012,5.21982530551852e-05,0.00191258014657614
"SPOCK1",8767.53378176192,-1.18933563121257,0.294425367626131,-4.03951480404643,5.35618873965412e-05,0.00195408540915657
"CCDC34",90.3348192783337,1.77600353672244,0.440475560316406,4.03201379764789,5.53009395361323e-05,0.0020131920526186
"C2CD2",1238.29169468524,-1.15649990681536,0.286890837188549,-4.03114968100321,5.55046799098805e-05,0.00201627300754175
"IRAK3",975.003384015421,-1.22215615760183,0.304154957432337,-4.01820232660096,5.86438331152363e-05,0.00210322628596339
"SRPX",4779.5867473312,-1.07141313034091,0.266809004645122,-4.01565581253893,5.92807181177011e-05,0.00212157293085929
"CLIC2",623.655613399116,1.00632339909136,0.250847601135692,4.01169233644377,6.02850328697135e-05,0.0021529642118534
"KAZALD1",700.466672477558,1.02226340327821,0.254991704095487,4.00900651613123,6.09747342187178e-05,0.00216390000179131
"TSPAN8",20.6983255139142,-3.70413501148344,0.923875242953083,-4.00934546058785,6.08872853561385e-05,0.00216390000179131
"KCTD16",101.80118255317,1.84272844647477,0.461204782668966,3.99546690693667,6.45668762527752e-05,0.00226649527716443
"SAMD5",659.133507858567,1.15973605202564,0.290242838396461,3.99574390339126,6.44914211809389e-05,0.00226649527716443
"LGI3",26.3125432930035,-6.96871880807181,1.74598249908594,-3.99128789190044,6.57154475930913e-05,0.00229841135714019
"CTC-441N14.2",31.7368194654451,-2.93229493037129,0.736150253746595,-3.98328318906031,6.79696809381226e-05,0.0023682675627196
"SLC19A2",421.897323590728,-1.29063497007556,0.324248193114668,-3.98039217328543,6.8801667790715e-05,0.00238662834500251
"LINC00312",275.974752470255,-1.98158994471016,0.498735739564592,-3.97322627498108,7.09056319262056e-05,0.00244957252499349
"RGMB-AS1",272.551109446198,1.65212744653553,0.416398006845513,3.96766415634761,7.25805168117682e-05,0.00249724184672685
"CPZ",77.1988850263207,1.78206546993082,0.449551490075554,3.96409645896473,7.36744600598487e-05,0.00252461793500631
"CCDC68",108.905201644016,-1.77010365788915,0.446889042274802,-3.96094665664385,7.46532102389429e-05,0.00254784182041295
"SOX9",1121.73097150881,1.03083196886248,0.261960223882541,3.93507057515987,8.31722519934163e-05,0.0028158797634891
"AC026806.2",111.817505900381,-2.42482441194913,0.623967865458878,-3.88613668456446,0.000101852173035223,0.00341416551512923
"MIAT",45.5507632264943,2.24674453079165,0.57830082552833,3.88507923836879,0.000102296518351229,0.00342228352302295
"ABLIM1",1383.4487894295,-1.25567306840696,0.323483174960479,-3.88172605440877,0.000103717677437213,0.00346298391253873
"FAM171A2",365.995075120079,1.02160020270077,0.263265084688386,3.88050015789213,0.000104241877306322,0.00347363484063272
"SAMD12",187.236360246167,2.18525016277044,0.563355776760707,3.87898776033791,0.000104892031870937,0.00348843283990418
"ACTG2",780.436469475898,-1.56342303503984,0.403267841837792,-3.8768849703337,0.000105802347697379,0.00351180812121811
"ARHGEF28",682.523162208684,-1.23036257874927,0.317841368425178,-3.87099572609252,0.000108391692664502,0.00357671456807932
"RAB11FIP4",46.9483693901832,2.50345311139368,0.648106941727512,3.86271608929353,0.000112133301079468,0.00369298155773004
"HLF",58.2486467558499,-2.08826261821199,0.541972447959924,-3.85307892693174,0.00011664177069307,0.00382860502595659
"MMP15",278.456009832795,-1.3858766688037,0.359711728502627,-3.85274251293583,0.000116802198816945,0.00382860502595659
"THBS1",127113.790292034,-1.66984122070885,0.43395316835174,-3.84797563997819,0.000119097892445789,0.00386223969985118
"NF2",4200.63155666889,-1.09743277890761,0.285615920618509,-3.84233755783324,0.000121868070263241,0.00393698987293156
"WNT5A-AS1",80.0903290434551,1.77606297006668,0.462503265728488,3.84010903635288,0.000122979677485318,0.00395779463967959
"BMPER",592.799739299379,1.36659341396485,0.356330196236688,3.83518834047145,0.00012546811250762,0.00402801342300075
"SLC45A1",220.417703848666,-1.24305905454449,0.324286493600358,-3.8332125422294,0.000126480581740824,0.00404737861570638
"MLYCD",266.701211088938,-1.04151771541335,0.271795532117226,-3.83198983184221,0.000127110994105281,0.00405987718530982
"COL4A4",284.920840159154,-2.0838802365979,0.54402054108892,-3.83051756175745,0.000127874005893548,0.00407655587903198
"KIF26B",608.834717760606,1.19684429254265,0.31251267072008,3.82974645407154,0.000128275357031641,0.0040816639921647
"RP11-145M9.4",669.595261614912,-1.22179052691993,0.319079272598159,-3.82911279999883,0.000128606053750994,0.00408450896415914
"GCH1",117.96370497146,-1.48674849974228,0.388713345998514,-3.82479406752337,0.000130881440845893,0.00414899069408105
"PTPDC1",491.504610621779,-1.08017814489451,0.282614058424397,-3.82209629243717,0.000132321996521805,0.00417900514388269
"BRIX1",377.323936633555,-1.16949450731697,0.306871041961135,-3.8110292187983,0.00013838940688347,0.00435437895859366
"KCNE3",238.339116605402,1.11273186480631,0.292102016161695,3.80939467460008,0.000139307434210693,0.00436703008577521
"PLEKHA6",608.806613080747,1.33598987989221,0.350672836180845,3.80979004374102,0.000139084854139959,0.00436703008577521
"GPR63",105.36440259849,-1.66765745703136,0.437887355402564,-3.80841656297253,0.000139859522103945,0.00437623288387353
"MAPK7",1726.05545912218,-1.01524168043279,0.266692525163117,-3.80678715990198,0.000140783805254081,0.00439702630136731
"HSPA4L",845.227821860404,1.38843712965827,0.364826202591583,3.80574947686146,0.000141375429040442,0.00440737249133813
"RRAD",174.815464333344,1.53014299648547,0.402358846730415,3.80293116187074,0.000142994099224077,0.00444147543424802
"LDB2",990.91647669671,1.10656852182609,0.291194456823549,3.8001016018537,0.000144636774603429,0.00447607188388821
"STX12",2594.79908523519,-1.00871923893246,0.265595857872019,-3.79794793117039,0.000145898961205032,0.00450689345853793
"PRKAG2",1290.74509869576,-1.65368459459863,0.435712278546914,-3.7953591762748,0.000147429860892322,0.00454588831545577
"SLC22A23",246.845542405421,1.30696642992543,0.345115830210233,3.78703703370914,0.000152454384894581,0.00469226877726448
"MEX3A",67.9003078966906,2.71371334635308,0.717322405919627,3.78311526861346,0.000154877644464599,0.00474958109691437
"EGR2",26.0530927658989,3.17419429689625,0.840271885681228,3.77758003211408,0.000158359624153813,0.0048388298152992
"LXN",3120.06032226871,1.02924767020751,0.272461239515008,3.77759299649232,0.000158351383419543,0.0048388298152992
"ACADS",671.35660979722,-1.0665693538544,0.283684315148227,-3.75970505559007,0.000170113795073012,0.00514229700534991
"KCNA3",43.067009462654,2.58863999622284,0.689412457882986,3.75484946148479,0.000173445692959071,0.00520705172154068
"STK17B",2055.14134457229,-1.25879732353653,0.335250993299684,-3.75479073498606,0.000173486364068345,0.00520705172154068
"CORIN",182.497465858714,-2.03594094242275,0.543418752378131,-3.74654156396514,0.000179289308257993,0.00536220743850053
"GRIK1-AS1",15.1632201090374,-4.52055310620489,1.20821590533,-3.74151100499722,0.000182917166100303,0.00546106135404927
"PLK2",690.459326220332,1.27762134008828,0.34178937021546,3.73803708196916,0.000185462597180886,0.00552730782584163
"SLITRK6",43.2396765498105,3.26535544587108,0.87406585828696,3.73582312466786,0.000187102152115937,0.0055663712320186
"MPST",979.925017069959,-1.09280351660767,0.29285441630539,-3.7315589445238,0.000190298469383471,0.00562044842504497
"TNFAIP6",281.136306232005,1.86459201249652,0.50062268113924,3.72454561637794,0.000195667330574617,0.0057504454374429
"CCDC71L",1387.21491115611,-1.22449965151899,0.329189477689364,-3.71974116582934,0.000199427045975756,0.00582811961501832
"RAMP3",26.2635453567688,4.04142534270843,1.08635844157007,3.72015827194891,0.00019909796898539,0.00582811961501832
"ZBTB20",90.7070948125043,1.80873548727225,0.486296142744756,3.71941154429762,0.000199687463179976,0.00582811961501832
"MXRA5",8895.4987010549,1.42485954479151,0.383205127100897,3.71826847821989,0.000200593018694021,0.00584447266859275
"ATF3",638.817233268536,-1.93561378124467,0.521897606443673,-3.70879988209637,0.000208243926461284,0.00602590288399422
"NEK11",191.501642170131,1.51640403798016,0.409835721770011,3.70002895655622,0.000215574867924993,0.00620620980311954
"VASH2",21.8726939386913,3.76373134141819,1.01970377356701,3.69100462210937,0.000223370078060094,0.00639798423248945
"GPRASP1",271.999041211613,1.03007953086378,0.279354176411807,3.68736041141301,0.000226592318417686,0.00647931548340302
"RP11-709B3.2",46.3623795698779,2.27043280351604,0.616076880559172,3.68530758929847,0.00022842659916876,0.0065097735197454
"LINC00478",121.893020850022,1.35681143193694,0.368493140744715,3.68205342762925,0.000231362907489067,0.00656032043211882
"DOK6",290.0858133587,1.1707038649954,0.31806261867575,3.68073390664272,0.000232563606567502,0.00658333901668006
"MT1M",60.9358209043725,-2.19124885597947,0.595832048355232,-3.67762838878559,0.000235412590706556,0.00663903669627169
"NPAS2",274.433523727972,-1.06034484462054,0.288338961476198,-3.67742478918537,0.000235600511086606,0.00663903669627169
"LMO3",67.8514256840935,-1.76045699769613,0.47892610685757,-3.67584262475732,0.000237065637203083,0.0066661912069332
"KLF5",215.06934633103,-2.35629715676013,0.641291654195584,-3.67429880202605,0.000238503495090323,0.00668441583590891
"C4orf46",891.482722538668,1.09457944168319,0.298313556654166,3.66922460366805,0.000243287264758158,0.00680721788070429
"PKIA",386.850706477774,1.21200318207984,0.33074109583526,3.66450736646144,0.000247815107817771,0.00692246558603834
"INSIG1",584.364578776678,1.30546621139956,0.356313091158258,3.66381770357051,0.00024848366607934,0.00692970592980406
"FGFR2",30.8829123769374,3.06662971123075,0.837523979989854,3.66154257609185,0.000250701186814933,0.00695716342689046
"HNMT",1778.92390888638,-1.04763118061828,0.287075475203124,-3.64932316101547,0.000262932168232311,0.007284641151942
"PRTG",58.8860631609571,2.09679553969088,0.574744019165222,3.64822507024316,0.000264058269297709,0.00730388624619547
"FRK",113.042826266938,1.58343146616272,0.434996553535779,3.64010117618663,0.000272530932298485,0.00752594391835033
"C9orf3",1048.94270248785,-1.03462725962345,0.284704915829458,-3.63403370331409,0.000279024389531954,0.00768020303414134
"SORBS1",58.0654594977496,-2.51896176452127,0.693687006510322,-3.6312656008842,0.000282034744841377,0.00774584322064973
"VWCE",318.388011614772,1.55437304030894,0.428231370525934,3.62975052107914,0.000283695278140157,0.00777086354103007
"LZTS1",112.595044863754,1.55383334787448,0.42847489507726,3.62642797915688,0.000287368921265013,0.00784609854705506
"PLB1",84.7258516139463,-1.66459713300812,0.459094626213639,-3.62582578397138,0.000288039504377121,0.00785174352672448
"RWDD4",189.869623848249,-1.18311184821931,0.326938126396979,-3.61876377422784,0.000296013686254402,0.00804320976069745
"EBF1",1363.52821253338,-1.22852797107031,0.340200808404995,-3.61118474947243,0.000304801429028443,0.00824229806804071
"WISP1",672.728050615684,1.23766805605817,0.34286908802415,3.60973939992806,0.000306504780849006,0.00826334621215967
"BTBD19",459.16517959969,1.05490326107232,0.292829113187519,3.60245349101199,0.000315227812878777,0.00847879334585996
"RP11-329A14.1",701.599846367955,-1.00314101425621,0.278805492402539,-3.59799588455693,0.00032067869188434,0.00858931787376284
"ITGA10",266.395208001704,-4.69303318837547,1.30607668532937,-3.59322943368517,0.000326604766242019,0.00873422667131897
"GFOD1",309.933303190353,-1.008771152576,0.281078906261545,-3.58892513847105,0.000332044164732969,0.00886568394416356
"CAMK2A",29.4838780821706,2.76514917457646,0.771127139186329,3.58585378993945,0.000335977169611613,0.00894248667796443
"RP11-448G15.3",105.198519942418,-1.37318889048481,0.38327913237319,-3.58273846525975,0.000340010985222948,0.00902148269256122
"CCL8",19.4197949708824,5.9996763912577,1.67605764902737,3.57963605532267,0.00034407307181483,0.00907753552011884
"CTB-92J24.3",14.3026354825805,-5.08847236181044,1.42135343886334,-3.58001903163489,0.000343569183564821,0.00907753552011884
"GPR150",36.406068400427,-3.44205820798695,0.961606397231091,-3.57948763433586,0.000344268537565944,0.00907753552011884
"TNFSF15",27.9084129807811,3.54938051001007,0.995539824646613,3.56528229422665,0.00036346476187187,0.00952435215010375
"OLFML2A",1470.65709414369,1.60542242009918,0.451376428763698,3.55672631044639,0.000375505004957075,0.00979437399678484
"MARCKSL1",1039.82893811284,1.05734628962935,0.297426601672781,3.55498225001613,0.000378004607024686,0.00984440305802137
"EPHB2",348.690613158706,1.67571737744945,0.471646077981617,3.55291277862542,0.000380990765415986,0.00989173570086166
"RFX2",266.37737425713,1.14808232289382,0.323268020459322,3.55148746622861,0.00038306023652224,0.00993023535045708
